-- 字符集設定
SET NAMES utf8mb4;
-- 創建資料庫並設定字符集
DROP DATABASE IF EXISTS staff_training_system_database;
CREATE DATABASE staff_training_system_database
  DEFAULT CHARACTER SET utf8mb4 
  COLLATE utf8mb4_0900_ai_ci;



USE staff_training_system_database;

-- 創建 users 表
CREATE TABLE users (
  id int NOT NULL AUTO_INCREMENT,
  username varchar(50) NOT NULL,
  password varchar(100) NOT NULL,
  email varchar(100) NOT NULL,
  role enum('USER','ADMIN') NOT NULL DEFAULT 'USER',
  created_at timestamp NULL DEFAULT CURRENT_TIMESTAMP,
  PRIMARY KEY (id),
  UNIQUE KEY username (username),
  UNIQUE KEY email (email),
  KEY idx_username (username)
) ENGINE=InnoDB AUTO_INCREMENT=25 DEFAULT CHARSET=utf8mb4;

-- 創建 courses 表
CREATE TABLE courses (
  id int NOT NULL AUTO_INCREMENT,
  title varchar(200) NOT NULL,
  description text NOT NULL,
  course_code varchar(255) DEFAULT NULL,
  credits int DEFAULT NULL,
  created_by int NOT NULL,
  created_at timestamp NULL DEFAULT CURRENT_TIMESTAMP,
  teacher varchar(255) DEFAULT NULL COMMENT '教師全名（中文）',
  PRIMARY KEY (id),
  KEY created_by (created_by),
  KEY idx_title (title),
  CONSTRAINT courses_ibfk_1 FOREIGN KEY (created_by) REFERENCES users (id) ON DELETE CASCADE
) ENGINE=InnoDB AUTO_INCREMENT=65 DEFAULT CHARSET=utf8mb4;

-- 創建 chapters 表
CREATE TABLE chapters (
  id int NOT NULL AUTO_INCREMENT,
  course_id int NOT NULL,
  title varchar(200) NOT NULL,
  content mediumtext NOT NULL,
  duration int DEFAULT NULL COMMENT '分鐘',
  order_num int DEFAULT NULL,
  weekday tinyint DEFAULT NULL COMMENT '1-7（週一到週日）',
  start_time time DEFAULT NULL,
  end_time time DEFAULT NULL,
  PRIMARY KEY (id),
  KEY idx_course (course_id),
  CONSTRAINT chapters_ibfk_1 FOREIGN KEY (course_id) REFERENCES courses (id) ON DELETE CASCADE
) ENGINE=InnoDB AUTO_INCREMENT=122 DEFAULT CHARSET=utf8mb4;

-- 創建 learning_progress 表
CREATE TABLE learning_progress (
  id int NOT NULL AUTO_INCREMENT,
  user_id int NOT NULL,
  course_id int NOT NULL,
  chapter_id int NOT NULL,
  Completed tinyint(1) DEFAULT '0',
  progress int DEFAULT '0',
  last_accessed timestamp NULL DEFAULT NULL,
  PRIMARY KEY (id),
  UNIQUE KEY uk_user_chapter (user_id, chapter_id),
  KEY idx_user (user_id),
  KEY idx_chapter (chapter_id),
  KEY fk_course (course_id),
  CONSTRAINT fk_course FOREIGN KEY (course_id) REFERENCES courses (id) ON DELETE CASCADE,
  CONSTRAINT learning_progress_ibfk_1 FOREIGN KEY (user_id) REFERENCES users (id) ON DELETE CASCADE,
  CONSTRAINT learning_progress_ibfk_2 FOREIGN KEY (chapter_id) REFERENCES chapters (id) ON DELETE CASCADE
) ENGINE=InnoDB AUTO_INCREMENT=28 DEFAULT CHARSET=utf8mb4;

-- 創建 enrollment_requests 表
CREATE TABLE enrollment_requests (
  id int NOT NULL AUTO_INCREMENT,
  created_at datetime(6) DEFAULT NULL,
  status enum('APPROVED','PENDING','REJECTED') DEFAULT 'PENDING',
  course_id int NOT NULL,
  user_id int NOT NULL,
  PRIMARY KEY (id),
  KEY FKdqsxlfvced3i9b4g6dn9fefsm (course_id),
  KEY FKtf9o2vj6hdfp0ieduenwkn03d (user_id),
  CONSTRAINT FKdqsxlfvced3i9b4g6dn9fefsm FOREIGN KEY (course_id) REFERENCES courses (id),
  CONSTRAINT FKtf9o2vj6hdfp0ieduenwkn03d FOREIGN KEY (user_id) REFERENCES users (id)
) ENGINE=InnoDB AUTO_INCREMENT=79 DEFAULT CHARSET=utf8mb4 COLLATE=utf8mb4_0900_ai_ci;

-- 插入 users 數據
INSERT INTO users (id, username, password, email, role, created_at) VALUES
(1, 'admin', '$2a$10$vvUX82CxXPBaRzjnp6i9y.GqNM5SkndsmNWNx4qNsXWLSKWqnlvg2', 'admin@example.com', 'ADMIN', '2025-04-23 21:52:58'),
(2, 'TinMoz', '$2a$10$qiQ51w7oOw/lXP9QGohUA.kuQqrhkQe1bV80pJfUXDzMbeav71Vx2', 'tinmozpoon2@gmail.com', 'USER', '2025-04-23 21:57:30'),
(11, 'Admin02', '$2a$10$Y8CRk9dj9PExqqeHyjvlyeS47cgHTLy7fHx2wc7lR092b6PA4kFXm', 'Admin02@example.com', 'ADMIN', '2025-04-24 01:00:12'),
(12, 'Test', '$2a$10$SFVzhas.0dUO.lJk51ZkueQFzQsQm8EemO8N9KobMVt71BJDHIEEC', 'Test@gamil.com', 'USER', '2025-04-27 21:35:29'),
(13, 'testuser', '$2a$10$szx4F38J7WT7VZFU6uDAQOtiLV6LUA.1Mufnu/kXIgfinMya3O52K', 'test@example.com', 'USER', '2025-05-05 17:07:38'),
(14, 'Liam_Johnson32', '$2a$10$ByKLmwX85eljNNsCTnGsg.Z5rCEBL/MCeA6cId5eTiUhGxBmg4gDC', 'liam.johnson32@mailservice.com', 'USER', '2025-05-05 17:08:57'),
(15, 'Emma_Wilson_7', '$2a$10$UhDrX5g6jp4eXsAyDH3qtOE7L0dP6rExa88.y5Y2e/xeXYCu/tX.a', 'emma.wilson7@example.net', 'USER', '2025-05-05 17:09:33'),
(16, 'NoahBrown_Dev', '$2a$10$a3/aVwC0clZzC9hJ.E5Cker2lJHpcMFqVfNd5QXK64xUH6DjgPk1K', 'noah.b.dev@testdomain.org', 'USER', '2025-05-05 17:10:56'),
(17, 'OliviaSmith_QA', '$2a$10$buZzh.XgyAQw/jSoujt61.nD0ZBVVopzNnUxZfHf3RCai/vTIqnOa', 'olivia.qa@demoemail.io', 'USER', '2025-05-05 17:11:18'),
(18, 'LucasMiller_2024', '$2a$10$KCVbxBNielfNTJKuStRUSunFt.sO.lOgKyrBoVaFQwpSD3hq/x2om', 'lucas.m24@tempinbox.com', 'USER', '2025-05-05 17:11:39'),
(19, 'AvaDavis_Support', '$2a$10$aGsAOPX/q9RrF/R0.uvr1e9xn/P0PZEk9tj7TxsU2EtbX7mGyuzY2', 'ava.support@fakemail.co', 'USER', '2025-05-05 17:11:56'),
(20, 'EthanTaylor_Admin', '$2a$10$mGV7bwu0rg24/qf9UJO8IehlPvdtsC/O1teoueel58UlhaGU11KlG', 'ethan.t.admin@mockupmail.net', 'USER', '2025-05-05 17:12:26'),
(21, 'MiaClark_Design', '$2a$10$Ftp/azmdRXzTWSZC6ZYAdO7B00kV/FY0coiaAyOYndQ9/xfNJYb3K', 'mia.design@fauxmail.org', 'USER', '2025-05-05 17:13:13'),
(22, 'JamesLee_DevOps', '$2a$10$wNazTRdFQ8Mp7tB6p.y2AeSj6drqWSETO6XiSbjUjxnp5T52bRrK2', 'james.lee@devmail.io', 'USER', '2025-05-05 17:13:31'),
(23, 'SophiaMartin_Data', '$2a$10$QW5n3XkZvMnj6.fTjdfuzuAOIWYHJJWN6MtUx1.v8Aaq3KU5ev5XC', 'sophia.data@samplemail.com', 'USER', '2025-05-05 17:13:56'),
(24, 'AAAA', '$2a$10$UPdL7aEO7yFXXNoUvZIQkueAJCIfYzLJN4xfkUPfKuORFMwAN9YPa', 'AAAAA@gmail.com', 'USER', '2025-05-05 17:27:42');


-- 插入 courses 數據
INSERT INTO courses (id, title, description, course_code, credits, created_by, created_at, teacher) VALUES
(2, '資訊安全基礎', '涵蓋資訊安全的基本原則和實踐，保護公司數據安全', 'SEC-201', 2, 1, '2023-01-20 10:00:00', '張偉老師'),
(3, '高效溝通技巧', '提升職場溝通能力，包括書面和口頭溝通', 'COM-102', 2, 1, '2023-02-05 09:30:00', '李曉紅老師'),
(4, '專案管理基礎', '介紹專案管理的基本概念和方法論', 'PM-301', 4, 1, '2023-02-15 11:00:00', '王建國老師'),
(5, '領導力發展', '為潛在領導者提供必要的領導技能培訓', 'LD-401', 5, 1, '2023-03-01 13:45:00', '陳思思老師'),
(41, '新員工入職培訓', '為新員工提供公司文化、政策和基本技能的全面介紹', 'ONB-101', 3, 11, '2025-04-30 21:02:55', '周華老師'),
(56, '高效會議管理', '提升組織和管理高效會議的能力', 'MGT-712', 2, 1, '2025-05-05 15:32:53', '張偉老師'),
(57, '職場時間管理', '掌握優先級管理和工作效率提升技巧', 'PD-415', 3, 11, '2025-05-05 15:32:53', '李曉紅老師'),
(58, '客戶服務進階', '培養卓越客戶服務與投訴處理技能', 'CSVC-630', 4, 1, '2025-05-05 15:32:53', '王建國老師'),
(59, '數據分析基礎', 'Excel與基礎數據可視化實戰培訓', 'DA-103', 3, 11, '2025-05-05 15:32:53', '陳思思老師'),
(60, '壓力情緒管理', '職場壓力識別與心理調適方法', 'WELL-205', 2, 1, '2025-05-05 15:32:53', '周華老師'),
(61, '跨部門協作', '打破部門壁壘的高效協作策略', 'CROSS-88', 3, 11, '2025-05-05 15:32:53', '臨時教師老師'),
(62, '商務禮儀規範', '職場形象管理與商務場合禮儀', 'BETQ-307', 2, 1, '2025-05-05 15:32:53', '周華老師');


-- 完整插入 chapters 數據
INSERT INTO chapters (id, course_id, title, content, duration, order_num, weekday, start_time, end_time) VALUES
(15, 5, '領導力基礎', '什麼是領導力領導力的核心概念和原則。區別於管理（維持秩序），領導力側重推動變革。科特的變革八步法強調：建立緊迫感（如展示市場威脅數據）、組建指導聯盟、制定願景戰略。情商（EQ）的四大維度：自我認知（定期360度反饋）、自我管理（壓力下保持冷靜）、社會認知（察覺團隊情緒）、關係管理（建設性處理衝突）。', 180, 1, 5, '14:35:00', '17:35:00'),
(16, 5, '團隊建設', '建立高效團隊如何組建和發展高效團隊。應用塔克曼團隊發展階段模型：在組建期（Forming）明確角色，磨合期（Storming）建立衝突解決機制，規範期（Norming）制定協作流程，成熟期（Performing）實施自主管理。通過OKR對齊個人目標與組織戰略，例如將"提高代碼質量"轉化為"Q3單元測試覆蓋率≥90%"。定期組織非正式交流（如週五午餐會）增強凝聚力。', 180, 2, 5, '14:20:00', '17:20:00'),
(17, 5, '決策制定', '有效決策領導者的決策方法和技巧。使用Vroom-Yetton決策模型：根據問題重要性、信息完整度、團隊接受度等因素，選擇從獨裁式到共識式等五種決策方式。例如產品重大方向調整需諮詢專家委員會（協商式），而部門團建地點選擇可授權團隊投票（委派式）。引入魔鬼代言人機制，強制挑戰每個方案的潛在缺陷。', 180, 3, 3, '17:40:00', '20:40:00'),
(18, 5, '變革管理', '引領變革如何有效管理和引領組織變革。運用ADKAR模型：先建立意識（全員會議說明變革必要性）、培養意願（高潛力員工提前參與試點）、提供知識（定制化培訓）、強化能力（導師制支持）、持續鞏固（將新KPI納入考核）。例如ERP系統升級時，為關鍵用戶提供200小時的情境模擬訓練，設立"變革冠軍"獎勵機制。', 150, 4, 2, '10:00:00', '12:30:00'),
(19, 5, '戰略思維', '戰略規劃發展戰略性思維和規劃能力。通過PESTEL分析宏觀環境（如監管政策變化），波特五力模型評估行業競爭力。使用藍海戰略尋找價值創新點，例如將傳統銀行服務與金融科技結合推出智能投顧。制定3年滾動戰略時，需包含應急情境規劃（Scenario Planning），預設經濟衰退、技術顛覆等不同情境的應對方案。', 210, 5, 6, '19:55:00', '23:25:00'),
(33, 41, '公司介紹', '歡迎加入我們公司本節將介紹公司歷史、文化和價值觀。公司成立於1998年，從本地軟件開發起步，現已發展為跨國科技解決方案提供商，在15個國家設有創新中心。核心文化CODE價值觀：協作（Collaboration）、開放（Openness）、擔當（Dedication）、卓越（Excellence）。例如每月"創新星期五"鼓勵跨部門組隊提案，年度最佳創意可獲得$50k孵化基金。', 150, 1, 1, '13:00:00', '15:30:00'),
(34, 41, '人力資源政策', '人力資源政策了解休假、福利和員工行為準則。年假按職級累計（初級員工15天/年，每晉升一級+3天），病假需提前2小時在HR系統報備。福利包含補充醫療保險（覆蓋配偶/子女）、學費報銷（與崗位相關碩士課程最高$10k/年）、健身房津貼（$50/月）。嚴禁行為包括利益衝突未申報（如親屬在競對公司任職）、使用盜版軟件等，違者可能面臨紀律處分。', 180, 2, 7, '11:35:00', '14:35:00'),
(35, 41, 'IT系統入門', 'IT系統使用指南郵箱、內部系統和常用工具的使用方法。企業郵箱格式為姓名縮寫+入職年份（如zwang23@company.com），首次登錄需在Okta設置SSO單點登錄。財務系統（SAP FICO）報銷流程：每週四前提交帶主管審批碼的PDF發票，5個工作日內到賬。代碼倉庫需遵守GitFlow規範，生產環境部署必須通過Jenkins流水線，嚴禁直接修改伺服器配置。', 150, 3, 2, '13:25:00', '15:55:00'),
(36, 2, '資訊安全概述', '什麼是資訊安全介紹資訊安全的基本概念和重要性。資訊安全涉及保護資訊系統免受未經授權的訪問、使用、披露、破壞、修改或銷毀，涵蓋網路安全、數據加密、身份驗證等領域。在數字化時代，資訊安全對於保護企業商業秘密、客戶隱私以及遵守GDPR等數據保護法規至關重要。例如，一次數據洩露可能導致數百萬經濟損失和品牌聲譽受損。', 120, 1, 6, '20:20:00', '22:20:00'),
(37, 2, '密碼管理', '創建強密碼如何創建和管理安全的密碼。強密碼應包含至少12個字符，混合大小寫字母、數字和符號（如@#%&），避免使用生日、姓名等易猜信息。建議採用密碼管理器（如LastPass）生成並存儲密碼，定期每90天更換一次。同時啟用多因素認證（MFA），例如通過手機驗證碼或生物識別技術（指紋/面部識別）增加安全層級。', 150, 2, 6, '16:10:00', '18:40:00'),
(38, 2, '防範網路釣魚', '識別網路釣魚如何識別和避免網路釣魚攻擊。注意可疑郵件的典型特徵：發件人地址拼寫錯誤（如paypa1.com）、緊急威脅性語言（"立即驗證帳戶"）、包含短連結或異常附件。建議通過企業安全平台驗證連結真實性，切勿直接點擊。例如，收到"銀行帳戶異常"郵件時，應直接登錄官網而非點擊郵件中的連結。定期參加釣魚模擬演練可提升員工識別能力。', 120, 3, 7, '18:15:00', '20:15:00'),
(39, 2, '數據保護', '保護敏感數據正確處理公司敏感數據的方法。根據數據分類政策，機密文件（如客戶合同、財務報告）必須存儲在加密的共享驅動器（如SharePoint安全區），禁止通過公共雲盤傳輸。使用數據丟失防護（DLP）工具監控外發數據，列印紙質文件需使用帶浮水印的安全印表機，廢棄文件必須用碎紙機銷毀。遠程辦公時需通過VPN訪問數據庫，並遵守螢幕隱私過濾器使用規範。', 210, 4, 2, '08:45:00', '12:15:00'),
(47, 3, '溝通基礎', '溝通的基本原則有效溝通的關鍵要素。遵循7-38-55法則：7%靠語言內容，38%取決於語調，55%來自肢體語言。保持眼神交流，使用開放式問題（如"您認為這個方案如何改進？"）促進對話。注意文化差異，例如在跨文化團隊中，直接表達建議可能更適合歐美成員，而對亞洲成員宜採用更委婉的方式。關鍵信息應通過郵件書面確認，避免僅依賴口頭溝通。', 210, 1, 2, '09:00:00', '12:30:00'),
(48, 3, '書面溝通', '專業郵件寫作如何撰寫清晰專業的商務郵件。採用"金字塔結構"：首段說明核心目的（如審批請求），中間段落提供背景數據和支撐材料，結尾明確行動項和截止時間。使用專業簽名檔（含姓名/職位/聯繫方式），附件命名需規範（如"Q3銷售報告_張三_202308.pdf"）。避免使用感嘆號和俚語，敏感信息需加密或通過安全渠道發送。', 210, 2, 7, '16:15:00', '19:45:00'),
(49, 3, '會議技巧', '高效會議如何準備和參與高效的會議。會前24小時發送包含議程文件（使用模板DOC-023），明確每個議題的時間分配。使用"停車場法則"記錄偏離主題的討論項。例如："關於預算分配的問題我們記入停車場，下週財務專項會討論"。會議最後5分鐘總結行動項（Who/What/When），使用協同工具（如Teams任務分配）跟蹤進度，避免重複會議。', 180, 3, 4, '13:40:00', '16:40:00'),
(62, 4, '專案管理概述', '什麼是專案管理專案管理的基本概念和生命週期。採用PMI定義的五大過程組：啟動（制定章程）、規劃（WBS分解）、執行（資源調配）、監控（風險看板）、收尾（經驗複盤）。關鍵路徑法（CPM）幫助識別任務依賴關係，例如軟件開發需先完成需求分析才能進入編碼階段。使用甘特圖可視化進度，每週通過EVM（掙值分析）評估CPI/SPI指標。', 150, 1, 3, '16:10:00', '18:40:00'),
(63, 4, '專案規劃', '創建專案計劃如何制定有效的專案計劃。運用SMART原則設定目標：將"提高客戶滿意度"轉化為"9月前將NPS評分從70提升至85"。資源計劃需包含RACI矩陣明確責任人，風險登記冊應評估每個風險的概率/影響值（如供應商延遲交付：概率30%/影響$50k）。建議預留10-15%的應急儲備，使用JIRA等工具自動化跟蹤任務完成率。', 210, 2, 7, '19:50:00', '23:20:00'),
(64, 4, '風險管理', '識別和管理風險專案風險管理的方法。實施四步流程：識別（SWOT分析）、評估（風險矩陣分級）、應對（規避/轉移/減輕/接受）、監控（建立風險觸發閾值）。例如針對關鍵技術故障風險，可同時與兩家雲服務商簽訂SLA（風險轉移），每日備份數據到異地災備中心（風險減輕）。使用蒙特卡羅模擬量化整體風險敞口。', 210, 3, 4, '08:35:00', '12:05:00'),
(65, 4, '團隊協作', '管理專案團隊如何有效領導專案團隊。運用情境領導理論：對新成員採用指導型風格（詳細任務說明），對資深成員授權型管理（僅把控關鍵節點）。通過每週15分鐘的一對一溝通了解成員瓶頸，使用Belbin團隊角色測試優化分工。衝突解決可嘗試托馬斯-基爾曼模型，例如對緊急技術爭議採用競爭策略，對長期合作問題採用協作策略。', 180, 4, 7, '16:35:00', '19:35:00'),
(104, 56, '會議規劃與議程設計', '高效會議的第一步是明確目標和設計議程。採用RACI矩陣明確參會者角色（負責人、執行人、諮詢人、知情人），例如技術評審會需邀請架構師（負責人）和測試組長（諮詢人）。議程模板應包含：目標聲明、議題列表（每個議題分配時間）、預期產出。使用協作工具（如Confluence）提前24小時共享預讀材料，並標註決策類議題（需會前反饋初步意見）。', 150, 1, 7, '19:45:00', '22:15:00'),
(105, 56, '會議執行與決策跟進', '主持人需嚴格遵循議程時間，使用"兩分鐘規則"控制發散討論。對於決策類議題，應用階梯式決策法：先收集書面建議（匿名投票工具如Mentimeter），再公開討論，最後負責人確認。會議記錄需實時共享（如使用釘釘妙記），行動項明確責任人/截止日（例如"張三在5月20日前完成API文檔修訂"）。會後1小時內發送總結郵件，並同步至JIRA任務看板。', 180, 2, 3, '13:05:00', '16:05:00'),
(106, 57, '優先級矩陣應用', '使用艾森豪威爾矩陣劃分任務：緊急且重要（立即處理，如伺服器故障）、重要不緊急（計劃處理，如代碼重構）、緊急不重要（委託處理，如會議邀約）、不緊急不重要（批量處理或刪除）。例如每日晨會前花10分鐘用Trello看板分類任務，對"重要不緊急"類任務固定安排深度工作時間塊（如14:00-16:00關閉通訊工具）。', 135, 1, 1, '12:15:00', '14:30:00'),
(107, 57, '時間阻塞與干擾管理', '採用番茄工作法（25分鐘專注+5分鐘休息），配合物理標識（如紅色帽子表示勿擾）。應對突發干擾時，應用"2D原則"：立即處理（Do it now）或延遲到下一時間塊（Delay）。例如收到臨時需求郵件，若非關鍵則回復"已記錄，將在今日15:00批次處理"。使用RescueTime監控數字干擾源，限制社交軟件日均使用≤30分鐘。', 150, 2, 4, '19:30:00', '22:00:00'),
(108, 57, 'GTD工作流實踐', '構建GTD系統：收集籃（Inbox）統一收納任務（便籤/郵件/語音備忘錄），每週五下午進行清理加工。對複雜任務採用"下一步行動"拆解，例如"開發支付模組"拆分為"1. 確認接口文檔版本（30分鐘）2. 編寫單元測試用例（2小時）"。使用Evernote建立情景標籤（@辦公室/@通勤），快速匹配碎片時間可利用任務。', 180, 3, 2, '16:25:00', '19:25:00'),
(109, 58, '客戶需求深度挖掘', '應用SPIN提問法：現狀問題（如"當前系統響應速度如何？"）、痛點問題（"延遲對業務的影響是？"）、暗示問題（"若持續會影響客戶滿意度嗎？"）、需求-回報問題（"如果提速30%會帶來什麼價值？"）。配合主動傾聽技巧：重複客戶關鍵詞（"您剛提到結算延遲..."），觀察非語言信號（如語氣急促時優先安撫情緒）。', 210, 1, 3, '11:25:00', '14:55:00'),
(110, 58, '投訴升級處理流程', '執行L.A.S.T.原則：傾聽（Listen）- 記錄客戶原話；道歉（Apologize）- 即便非己方過錯也表達歉意；解決（Solve）- 提供3選1方案（退款/換貨/代金券）；跟進（Track）- 24小時內電話回訪。例如針對物流損壞投訴，優先發送帶公章道歉信，同步啟動內部質量追溯（通過SN碼定位環節責任）。', 180, 2, 3, '17:20:00', '20:20:00'),
(111, 58, '服務質量管理閉環', '建立NPS（淨推薦值）監控體系，對貶損者（0-6分）48小時內深度回訪。服務質量雷達圖每月更新，評估5維度：響應速度/專業度/解決率/禮貌性/創新建議。開展"影子客戶"項目：員工每季度匿名體驗競品服務，提交SWOT分析報告。針對重複投訴問題，啟動根因分析（5Why法）並納入KPI改進計劃。', 210, 3, 4, '16:35:00', '20:05:00'),
(112, 59, '數據清洗與預處理', '掌握Excel數據清洗核心技巧：使用Power Query去除重複值（保留最後出現記錄）、處理缺失值（數值型欄位用中位數填充，文本型標記為[未分類]）。日期統一轉換為ISO 8601格式（YYYY-MM-DD），異常值通過條件格式突出顯示（如銷售額>3倍標準差標紅）。創建數據驗證規則（如部門欄位僅允許下拉選擇"市場/技術/財務"），導出清洗日誌供後續審計。', 180, 1, 2, '20:20:00', '23:20:00'),
(113, 59, '高級公式與函數', '實戰複雜場景公式嵌套：使用INDEX-MATCH實現多條件查找（如按季度+產品線匹配銷量），XLOOKUP替代VLOOKUP解決反向查找問題。數組公式計算動態排名（=SUMPRODUCT((B2:B100>B2)/COUNTIF(B2:B100,B2:B100))+1）。利用LAMBDA自定義函數（如創建稅率計算器TAX_CALC），通過名稱管理器實現跨工作表調用。', 210, 2, 7, '18:00:00', '21:30:00'),
(114, 59, '可視化儀表板搭建', '構建動態交互儀表板：使用切片器控制多個樞紐分析表（如按區域/時間篩選銷售數據），設置條件格式資料條反映庫存周轉率。開發瀑布圖展示成本構成（正負值自動顏色區分），利用Power Map實現地理數據三維可視化。通過窗體控件（滾動條/選項按鈕）創建動態圖表參數，最終輸出帶密碼保護的儀表板模板。', 210, 3, 6, '15:45:00', '19:15:00'),
(115, 60, '壓力信號識別技術', '識別生理與心理壓力信號：通過心率變異度（HRV）檢測器監測壓力水平（<50ms為高壓力狀態），記錄情緒日記標記觸發事件（如會議衝突/截止日期）。使用壓力矩陣圖區分壓力源類型（任務型/關係型/環境型），應用"壓力溫度計"量表（1-10分）每日自評，當連續3天≥7分時啟動干預流程。', 150, 1, 1, '19:15:00', '21:45:00'),
(116, 60, '認知重構與放鬆訓練', '實施ABC模型干預：捕捉自動負面思維（如"專案失敗=能力不足"），替換為理性認知（"需要加強風險規劃"）。結合漸進式肌肉放鬆法（PMR）：按頭→肩→手順序緊張-放鬆循環，配合4-7-8呼吸法（吸氣4秒、屏息7秒、呼氣8秒）。使用生物反饋設備訓練α腦波生成，每天15分鐘正念冥想鞏固效果。', 180, 2, 7, '13:30:00', '16:30:00'),
(117, 61, '利益相關者分析', '繪製跨部門權力-利益矩陣：識別高權力高利益部門（如財務部預算審批），為其定制雙週簡報。建立RACI-VS模型（新增Verify驗證者和Signatory簽署方），例如產品上線需法務部驗證合規性（V角色）。通過利益交換策略解決資源衝突（如用技術部API接口支持換取市場部推廣資源）。', 210, 1, 4, '19:50:00', '23:20:00'),
(118, 61, '協作溝通框架', '採用DISC模型適配溝通風格：對支配型（D型）上級用結論先行+數據支撐，對影響型（I型）同事加入情感共鳴。建立跨部門術語對照表（如技術部"迭代"=業務部"版本更新"）。使用Confluence創建協作空間，設置自動同步機制（財務流程變更實時推送關聯部門）。每月舉辦"流程痛點頭腦風暴"工作坊。', 180, 2, 5, '18:50:00', '21:50:00'),
(119, 61, '衝突解決沙盤演練', '模擬典型衝突場景：資源爭奪（如伺服器資源分配），應用托馬斯-基爾曼模型選擇策略。對緊急技術決策採用競爭模式（引用ISO標準支撐），對長期合作問題啟用調解人機制。開發衝突影響計算表（含時間成本/關係損傷/業務損失權重），當總分>閾值時升級至steering committee。', 210, 3, 7, '09:35:00', '13:05:00'),
(120, 62, '職業形象管理', '制定場合著裝密碼：商務正式（男士深色套裝+法式袖扣，女士套裙+裸色高跟鞋）、商務休閒（POLO衫+休閒西褲）。細節檢查清單包含：袖長（西裝露出1cm襯衫）、領帶長度（尖部對齊皮帶扣）、妝容濃度（眼影不超過雙色）。建立應急形象包（備用襯衫/去漬筆/迷你熨斗），應對突發狀況。', 150, 1, 1, '09:40:00', '12:10:00'),
(121, 62, '國際商務禮儀', '掌握跨文化禮儀核心差異：日本客戶交換名片雙手接收並默讀內容，中東客戶避免左手遞物。宴請禮儀包含：法式餐叉由外至內使用，紅酒斟倒不超過1/3杯。會議座位遵循"面門為尊"，使用Webex虛擬背景統一團隊形象。郵件簽名附加文化備註（如對德國客戶註明精確時間格式"14:00 CET"）。', 180, 2, 7, '17:45:00', '20:45:00');

-- 插入learning_progress數據
INSERT INTO learning_progress (id, user_id, course_id, chapter_id, Completed, progress, last_accessed) VALUES
(207, 2, 41, 35, 1, 100, '2025-05-05 08:23:17'),
(208, 2, 5, 19, 1, 100, '2025-05-07 14:55:02'),
(209, 2, 57, 108, 0, 65, '2025-05-12 19:31:48'),
(210, 12, 41, 35, 1, 100, '2025-05-01 11:11:39'),
(211, 12, 61, 119, 1, 100, '2025-05-03 16:47:22'),
(212, 12, 58, 111, 0, 80, '2025-05-09 09:15:57'),
(213, 12, 56, 104, 0, 45, '2025-05-15 22:03:18'),
(214, 13, 41, 35, 1, 100, '2025-04-30 07:32:14'),
(215, 13, 60, 116, 1, 100, '2025-05-06 13:29:05'),
(216, 13, 4, 65, 0, 30, '2025-05-10 18:12:49'),
(217, 14, 41, 35, 1, 100, '2025-05-02 10:44:36'),
(218, 14, 2, 39, 1, 100, '2025-05-08 15:19:27'),
(219, 14, 59, 114, 0, 95, '2025-05-14 20:55:11'),
(220, 14, 56, 105, 0, 60, '2025-05-18 08:07:53'),
(221, 15, 41, 35, 1, 100, '2025-05-03 09:17:28'),
(222, 15, 3, 49, 1, 100, '2025-05-11 12:33:44'),
(223, 15, 57, 107, 0, 75, '2025-05-16 17:21:09'),
(224, 16, 41, 35, 1, 100, '2025-05-04 14:08:52'),
(225, 16, 62, 121, 1, 100, '2025-05-13 19:44:35'),
(226, 16, 5, 19, 0, 85, '2025-05-17 21:37:16'),
(227, 17, 41, 35, 1, 100, '2025-05-05 16:29:43'),
(228, 17, 58, 110, 1, 100, '2025-05-07 10:55:21'),
(229, 17, 4, 65, 0, 50, '2025-05-19 23:15:38'),
(230, 18, 41, 35, 1, 100, '2025-05-06 08:47:19'),
(231, 18, 59, 114, 1, 100, '2025-05-12 14:22:05'),
(232, 18, 56, 105, 0, 70, '2025-05-20 09:33:57'),
(233, 19, 41, 35, 1, 100, '2025-05-07 12:38:24'),
(234, 19, 60, 116, 1, 100, '2025-05-14 17:14:07'),
(235, 19, 61, 118, 0, 90, '2025-05-21 22:45:39'),
(236, 20, 41, 35, 1, 100, '2025-05-08 15:51:12'),
(237, 20, 2, 39, 1, 100, '2025-05-16 20:26:53'),
(238, 20, 57, 107, 0, 55, '2025-05-22 11:08:44'),
(239, 21, 41, 35, 1, 100, '2025-05-09 18:03:27'),
(240, 21, 3, 49, 1, 100, '2025-05-17 21:49:15'),
(241, 21, 62, 120, 0, 40, '2025-05-23 14:22:36'),
(242, 22, 41, 35, 1, 100, '2025-05-10 19:14:58'),
(243, 22, 5, 19, 1, 100, '2025-05-18 22:50:31'),
(244, 22, 58, 111, 0, 65, '2025-05-24 16:37:49'),
(245, 23, 41, 35, 1, 100, '2025-05-11 20:25:43'),
(246, 23, 59, 114, 1, 100, '2025-05-19 23:11:26'),
(247, 23, 56, 104, 0, 75, '2025-05-25 18:52:17'),
(248, 24, 41, 35, 1, 100, '2025-05-12 21:36:54'),
(249, 24, 4, 65, 1, 100, '2025-05-20 22:22:38'),
(250, 24, 60, 116, 0, 85, '2025-05-26 19:43:29');

